PassengerId,Transported
0013_01,True
0018_01,Fasle
0019_01,True
0021_01,True
0023_01,Fasle
0027_01,True
0029_01,True
0032_01,True
0032_02,True
0033_01,True
0037_01,Fasle
0040_01,Fasle
0040_02,True
0042_01,True
0046_01,Fasle
0046_02,Fasle
0046_03,Fasle
0047_01,True
0047_02,True
0047_03,Fasle
0048_01,True
0049_01,Fasle
0054_01,True
0054_02,True
0054_03,True
0055_01,Fasle
0057_01,True
0059_01,True
0060_01,True
0063_01,True
0065_01,True
0075_01,Fasle
0079_01,True
0080_01,True
0083_01,Fasle
0087_01,Fasle
0089_01,True
0093_01,True
0094_01,True
0094_02,Fasle
0095_01,True
0096_01,Fasle
0100_01,True
0100_02,Fasle
0104_01,Fasle
0106_01,True
0109_01,Fasle
0117_01,Fasle
0118_01,True
0121_01,Fasle
0124_01,True
0125_01,True
0125_02,Fasle
0130_01,True
0131_01,True
0132_01,True
0135_01,Fasle
0137_01,True
0142_01,True
0142_02,Fasle
0142_03,True
0143_01,True
0145_01,Fasle
0150_01,True
0150_02,True
0153_01,Fasle
0154_01,True
0155_01,Fasle
0156_01,True
0157_01,Fasle
0158_01,Fasle
0158_02,Fasle
0159_01,Fasle
0161_01,Fasle
0162_01,True
0166_01,True
0168_01,True
0175_01,True
0175_02,True
0175_03,True
0175_04,True
0175_05,Fasle
0176_01,Fasle
0180_01,Fasle
0184_01,True
0185_01,True
0187_01,True
0191_01,Fasle
0194_01,True
0194_02,True
0194_03,Fasle
0204_01,Fasle
0208_01,True
0209_01,Fasle
0214_01,Fasle
0214_02,Fasle
0215_01,True
0218_01,Fasle
0226_01,True
0227_01,True
0228_01,True
0228_02,True
0228_03,True
0228_04,Fasle
0230_01,True
0230_02,Fasle
0235_01,True
0236_01,True
0238_01,Fasle
0247_01,True
0247_02,True
0249_01,Fasle
0256_01,True
0259_01,True
0262_01,Fasle
0264_01,True
0264_02,True
0264_03,Fasle
0266_01,Fasle
0266_02,Fasle
0268_01,Fasle
0268_02,Fasle
0271_01,Fasle
0272_01,Fasle
0273_01,True
0273_02,True
0273_03,Fasle
0274_01,Fasle
0274_02,True
0276_01,Fasle
0276_02,True
0279_01,Fasle
0280_01,Fasle
0284_01,True
0292_01,Fasle
0293_01,True
0295_01,Fasle
0296_01,Fasle
0299_01,Fasle
0300_01,Fasle
0308_01,True
0311_01,True
0312_01,True
0317_01,Fasle
0318_01,True
0319_01,Fasle
0319_02,True
0323_01,True
0325_01,Fasle
0328_01,True
0329_01,True
0332_01,True
0335_01,True
0339_01,Fasle
0339_02,Fasle
0339_03,Fasle
0339_04,True
0339_05,True
0339_06,Fasle
0339_07,Fasle
0339_08,Fasle
0342_01,True
0342_02,True
0344_01,True
0344_02,Fasle
0349_01,Fasle
0349_02,True
0349_03,Fasle
0349_04,True
0349_05,Fasle
0349_06,Fasle
0351_01,True
0353_01,True
0353_02,True
0354_01,Fasle
0362_01,True
0363_01,Fasle
0363_02,Fasle
0363_03,True
0364_01,True
0364_02,Fasle
0366_01,True
0367_01,Fasle
0374_01,Fasle
0374_02,Fasle
0386_01,Fasle
0390_01,True
0393_01,Fasle
0394_01,True
0399_01,True
0400_01,True
0404_01,True
0406_01,Fasle
0414_01,Fasle
0416_01,Fasle
0418_01,Fasle
0419_01,Fasle
0419_02,True
0419_03,True
0420_01,Fasle
0421_01,True
0422_01,Fasle
0424_01,Fasle
0426_01,Fasle
0440_01,Fasle
0443_01,True
0450_01,Fasle
0451_01,True
0455_01,True
0464_01,True
0467_01,True
0467_02,True
0467_03,True
0467_04,True
0469_01,Fasle
0473_01,Fasle
0478_01,Fasle
0478_02,True
0479_01,True
0483_01,True
0483_02,True
0484_01,True
0486_01,True
0489_01,True
0489_02,True
0491_01,True
0492_01,Fasle
0493_01,True
0494_01,True
0494_02,True
0495_01,True
0495_02,True
0495_03,True
0495_04,Fasle
0495_05,Fasle
0495_06,Fasle
0496_01,True
0496_02,True
0497_01,True
0505_01,Fasle
0508_01,Fasle
0509_01,True
0511_01,Fasle
0514_01,True
0524_01,True
0526_01,True
0530_01,Fasle
0530_02,Fasle
0530_03,True
0532_01,Fasle
0532_02,True
0535_01,Fasle
0536_01,Fasle
0536_02,Fasle
0541_01,True
0543_01,True
0544_01,True
0554_01,Fasle
0557_01,True
0557_02,True
0558_01,Fasle
0562_01,True
0562_02,True
0574_01,Fasle
0578_01,True
0578_02,True
0584_01,True
0584_02,Fasle
0592_01,True
0595_01,True
0601_01,True
0604_01,True
0605_01,Fasle
0606_01,True
0613_01,True
0613_02,True
0616_01,Fasle
0617_01,Fasle
0620_01,Fasle
0620_02,True
0620_03,True
0621_01,Fasle
0622_01,Fasle
0624_01,True
0625_01,True
0625_02,True
0625_03,True
0626_01,True
0626_02,True
0626_03,True
0627_01,True
0632_01,Fasle
0632_02,True
0632_03,True
0640_01,True
0640_02,True
0648_01,Fasle
0648_02,Fasle
0649_01,Fasle
0651_01,True
0652_01,True
0652_02,Fasle
0652_03,Fasle
0652_04,Fasle
0652_05,True
0654_01,Fasle
0662_01,Fasle
0666_01,True
0666_02,True
0667_01,Fasle
0670_01,Fasle
0670_02,Fasle
0673_01,True
0675_01,Fasle
0676_01,True
0681_01,True
0692_01,True
0694_01,True
0695_01,True
0698_01,Fasle
0700_01,Fasle
0706_01,True
0708_01,True
0708_02,True
0711_01,Fasle
0716_01,Fasle
0717_01,True
0717_02,True
0717_03,True
0717_04,True
0717_05,Fasle
0717_06,True
0717_07,True
0720_01,True
0720_02,True
0720_03,Fasle
0721_01,Fasle
0722_01,Fasle
0723_01,Fasle
0725_01,True
0730_01,True
0731_01,Fasle
0731_02,Fasle
0735_01,Fasle
0739_01,True
0741_01,True
0742_01,True
0742_02,True
0744_01,True
0745_01,Fasle
0747_01,Fasle
0748_01,True
0748_02,Fasle
0749_01,True
0751_01,True
0752_01,True
0755_01,True
0758_01,True
0758_02,True
0758_03,Fasle
0759_01,True
0759_02,Fasle
0759_03,True
0760_01,Fasle
0763_01,True
0763_02,Fasle
0766_01,True
0774_01,True
0774_02,Fasle
0774_03,True
0775_01,True
0775_02,True
0775_03,True
0775_04,Fasle
0775_05,True
0775_06,True
0778_01,True
0778_02,Fasle
0780_01,True
0783_01,Fasle
0792_01,True
0800_01,Fasle
0801_01,True
0803_01,True
0804_01,True
0807_01,Fasle
0810_01,Fasle
0812_01,True
0814_01,Fasle
0821_01,True
0827_01,Fasle
0827_02,True
0827_03,True
0831_01,Fasle
0832_01,True
0837_01,True
0837_02,Fasle
0838_01,True
0838_02,Fasle
0841_01,Fasle
0842_01,True
0843_01,True
0844_01,True
0847_01,Fasle
0852_01,True
0854_01,True
0855_01,True
0856_01,Fasle
0857_01,True
0858_01,Fasle
0858_02,True
0861_01,Fasle
0862_01,True
0864_01,Fasle
0864_02,True
0864_03,True
0866_01,True
0872_01,Fasle
0880_01,True
0880_02,True
0882_01,True
0884_01,Fasle
0884_02,True
0886_01,Fasle
0886_02,True
0886_03,True
0887_01,Fasle
0887_02,Fasle
0888_01,Fasle
0888_02,Fasle
0891_01,True
0892_01,True
0892_02,True
0892_03,True
0894_01,True
0895_01,Fasle
0896_01,True
0897_01,True
0897_02,True
0900_01,True
0908_01,True
0909_01,Fasle
0909_02,True
0909_03,True
0914_01,Fasle
0916_01,Fasle
0917_01,True
0920_01,Fasle
0929_01,Fasle
0934_01,Fasle
0936_01,Fasle
0937_01,True
0943_01,True
0943_02,True
0943_03,True
0945_01,Fasle
0945_02,Fasle
0948_01,Fasle
0950_01,True
0954_01,True
0958_01,Fasle
0959_01,Fasle
0962_01,True
0963_01,True
0967_01,Fasle
0973_01,Fasle
0974_01,Fasle
0977_01,True
0980_01,Fasle
0981_01,Fasle
0981_02,True
0986_01,Fasle
0986_02,True
0996_01,Fasle
0999_01,True
0999_02,Fasle
1003_01,Fasle
1007_01,Fasle
1009_01,Fasle
1010_01,True
1016_01,Fasle
1021_01,True
1023_01,True
1028_01,True
1037_01,True
1039_01,Fasle
1042_01,True
1044_01,True
1050_01,True
1055_01,Fasle
1059_01,True
1059_02,True
1061_01,True
1064_01,True
1064_02,True
1067_01,Fasle
1069_01,True
1070_01,True
1072_01,True
1072_02,True
1072_03,True
1072_04,Fasle
1072_05,Fasle
1072_06,Fasle
1072_07,True
1072_08,True
1073_01,Fasle
1074_01,Fasle
1074_02,True
1081_01,True
1087_01,True
1090_01,True
1090_02,Fasle
1092_01,True
1098_01,Fasle
1101_01,Fasle
1103_01,Fasle
1104_01,True
1106_01,Fasle
1106_02,True
1107_01,Fasle
1109_01,Fasle
1111_01,True
1111_02,True
1111_03,Fasle
1118_01,Fasle
1118_02,True
1118_03,True
1118_04,Fasle
1118_05,Fasle
1119_01,Fasle
1119_02,True
1120_01,True
1122_01,True
1124_01,True
1124_02,True
1124_03,Fasle
1125_01,Fasle
1125_02,True
1126_01,True
1128_01,True
1128_02,True
1131_01,True
1135_01,Fasle
1135_02,True
1135_03,Fasle
1135_04,True
1137_01,True
1137_02,Fasle
1138_01,True
1139_01,True
1143_01,True
1145_01,True
1145_02,Fasle
1145_03,Fasle
1145_04,True
1151_01,True
1157_01,Fasle
1158_01,True
1158_02,True
1159_01,True
1159_02,Fasle
1159_03,True
1160_01,True
1164_01,Fasle
1171_01,Fasle
1172_01,True
1176_01,Fasle
1181_01,Fasle
1183_01,True
1183_02,Fasle
1183_03,True
1184_01,True
1184_02,True
1189_01,Fasle
1194_01,Fasle
1196_01,Fasle
1196_02,Fasle
1200_01,True
1201_01,Fasle
1201_02,True
1202_01,Fasle
1204_01,True
1205_01,Fasle
1207_01,Fasle
1207_02,True
1207_03,True
1207_04,Fasle
1209_01,Fasle
1209_02,Fasle
1217_01,True
1217_02,True
1219_01,Fasle
1219_02,True
1224_01,True
1224_02,True
1226_01,True
1226_02,True
1227_01,True
1237_01,Fasle
1241_01,Fasle
1244_01,True
1245_01,True
1247_01,True
1249_01,Fasle
1251_01,True
1252_01,Fasle
1253_01,Fasle
1257_01,True
1257_02,True
1257_03,True
1257_04,True
1262_01,True
1262_02,Fasle
1265_01,True
1266_01,Fasle
1268_01,True
1270_01,True
1272_01,Fasle
1275_01,Fasle
1276_01,True
1277_01,Fasle
1290_01,Fasle
1296_01,Fasle
1297_01,True
1298_01,Fasle
1301_01,Fasle
1301_02,True
1301_03,True
1303_01,Fasle
1305_01,True
1313_01,True
1314_01,Fasle
1315_01,Fasle
1318_01,True
1319_01,Fasle
1319_02,Fasle
1320_01,True
1320_02,True
1320_03,True
1321_01,True
1321_02,True
1321_03,Fasle
1321_04,Fasle
1327_01,True
1329_01,Fasle
1334_01,Fasle
1338_01,True
1338_02,True
1339_01,True
1341_01,Fasle
1341_02,True
1341_03,True
1343_01,Fasle
1343_02,True
1343_03,Fasle
1344_01,Fasle
1346_01,Fasle
1349_01,True
1349_02,True
1354_01,Fasle
1354_02,True
1354_03,True
1354_04,True
1354_05,True
1354_06,True
1354_07,True
1358_01,True
1358_02,Fasle
1359_01,Fasle
1361_01,True
1361_02,Fasle
1363_01,Fasle
1364_01,Fasle
1364_02,Fasle
1367_01,True
1369_01,True
1369_02,True
1369_03,True
1372_01,True
1373_01,True
1374_01,True
1388_01,True
1392_01,True
1394_01,True
1396_01,Fasle
1405_01,True
1409_01,Fasle
1409_02,True
1411_01,True
1418_01,Fasle
1422_01,True
1422_02,Fasle
1422_03,Fasle
1429_01,True
1432_01,Fasle
1432_02,Fasle
1436_01,True
1437_01,Fasle
1441_01,Fasle
1446_01,Fasle
1448_01,Fasle
1449_01,Fasle
1456_01,Fasle
1459_01,Fasle
1464_01,Fasle
1466_01,True
1468_01,True
1469_01,Fasle
1469_02,Fasle
1470_01,True
1471_01,Fasle
1471_02,True
1471_03,Fasle
1471_04,Fasle
1471_05,True
1472_01,True
1473_01,Fasle
1473_02,Fasle
1475_01,Fasle
1476_01,Fasle
1477_01,True
1477_02,Fasle
1480_01,True
1482_01,True
1483_01,Fasle
1486_01,True
1487_01,True
1487_02,True
1492_01,Fasle
1492_02,Fasle
1494_01,Fasle
1495_01,Fasle
1495_02,True
1496_01,True
1497_01,True
1497_02,True
1502_01,Fasle
1502_02,True
1502_03,True
1502_04,True
1504_01,Fasle
1505_01,Fasle
1508_01,Fasle
1512_01,Fasle
1513_01,True
1514_01,True
1516_01,True
1517_01,Fasle
1518_01,Fasle
1518_02,Fasle
1519_01,Fasle
1522_01,True
1530_01,True
1534_01,Fasle
1534_02,Fasle
1535_01,Fasle
1537_01,True
1538_01,Fasle
1538_02,Fasle
1546_01,True
1549_01,True
1553_01,True
1553_02,Fasle
1554_01,True
1554_02,Fasle
1556_01,True
1557_01,True
1559_01,True
1559_02,True
1563_01,True
1566_01,True
1570_01,Fasle
1571_01,Fasle
1574_01,True
1575_01,True
1582_01,True
1582_02,Fasle
1583_01,True
1586_01,Fasle
1587_01,True
1587_02,True
1589_01,Fasle
1591_01,Fasle
1591_02,True
1598_01,True
1598_02,True
1600_01,Fasle
1605_01,Fasle
1607_01,True
1609_01,Fasle
1610_01,True
1616_01,True
1618_01,Fasle
1620_01,Fasle
1623_01,Fasle
1627_01,True
1629_01,True
1629_02,True
1629_03,True
1629_04,True
1629_05,True
1629_06,True
1639_01,Fasle
1641_01,True
1642_01,Fasle
1643_01,Fasle
1648_01,True
1652_01,True
1654_01,Fasle
1664_01,Fasle
1665_01,True
1665_02,True
1667_01,Fasle
1675_01,True
1678_01,Fasle
1679_01,True
1680_01,Fasle
1680_02,True
1683_01,Fasle
1684_01,Fasle
1686_01,Fasle
1689_01,True
1689_02,True
1689_03,True
1692_01,True
1693_01,Fasle
1701_01,True
1702_01,True
1703_01,True
1706_01,Fasle
1707_01,Fasle
1716_01,Fasle
1720_01,Fasle
1722_01,Fasle
1726_01,Fasle
1726_02,True
1726_03,True
1732_01,True
1735_01,Fasle
1737_01,Fasle
1741_01,Fasle
1741_02,True
1741_03,True
1743_01,Fasle
1744_01,Fasle
1750_01,True
1751_01,True
1751_02,True
1754_01,True
1756_01,Fasle
1759_01,True
1765_01,True
1773_01,Fasle
1777_01,Fasle
1777_02,True
1780_01,Fasle
1784_01,Fasle
1787_01,Fasle
1788_01,Fasle
1789_01,Fasle
1790_01,True
1790_02,True
1791_01,True
1791_02,True
1793_01,Fasle
1793_02,True
1794_01,Fasle
1795_01,Fasle
1801_01,True
1801_02,Fasle
1809_01,True
1814_01,Fasle
1814_02,True
1814_03,Fasle
1815_01,True
1819_01,Fasle
1820_01,True
1824_01,Fasle
1825_01,Fasle
1825_02,Fasle
1830_01,True
1832_01,Fasle
1835_01,True
1835_02,True
1837_01,True
1838_01,True
1839_01,Fasle
1840_01,True
1842_01,Fasle
1845_01,Fasle
1851_01,Fasle
1851_02,True
1852_01,True
1852_02,True
1852_03,True
1852_04,True
1858_01,True
1862_01,True
1862_02,Fasle
1862_03,Fasle
1867_01,True
1869_01,Fasle
1870_01,Fasle
1875_01,Fasle
1876_01,Fasle
1883_01,True
1885_01,Fasle
1893_01,True
1894_01,True
1895_01,Fasle
1896_01,Fasle
1900_01,True
1904_01,Fasle
1909_01,True
1909_02,True
1909_03,Fasle
1910_01,True
1910_02,Fasle
1910_03,Fasle
1910_04,True
1912_01,Fasle
1913_01,True
1913_02,True
1913_03,True
1914_01,True
1917_01,True
1919_01,Fasle
1921_01,Fasle
1921_02,Fasle
1924_01,True
1929_01,Fasle
1930_01,Fasle
1932_01,Fasle
1934_01,Fasle
1936_01,Fasle
1943_01,Fasle
1944_01,Fasle
1948_01,Fasle
1948_02,True
1949_01,Fasle
1951_01,True
1951_02,Fasle
1954_01,Fasle
1955_01,Fasle
1958_01,Fasle
1965_01,True
1966_01,True
1970_01,Fasle
1972_01,True
1982_01,Fasle
1986_01,True
1987_01,True
1989_01,True
1990_01,True
1990_02,True
1998_01,Fasle
2002_01,True
2004_01,True
2005_01,Fasle
2005_02,Fasle
2008_01,Fasle
2014_01,True
2016_01,True
2016_02,Fasle
2017_01,True
2017_02,Fasle
2018_01,True
2020_01,True
2021_01,True
2023_01,Fasle
2023_02,True
2023_03,True
2025_01,Fasle
2030_01,Fasle
2031_01,Fasle
2033_01,Fasle
2035_01,Fasle
2035_02,True
2036_01,True
2036_02,Fasle
2036_03,Fasle
2037_01,True
2037_02,Fasle
2039_01,True
2039_02,True
2039_03,True
2047_01,True
2048_01,True
2049_01,True
2050_01,Fasle
2057_01,True
2057_02,Fasle
2057_03,Fasle
2057_04,True
2057_05,True
2058_01,Fasle
2064_01,True
2068_01,True
2068_02,True
2068_03,True
2068_04,Fasle
2068_05,True
2069_01,Fasle
2072_01,Fasle
2072_02,Fasle
2076_01,True
2077_01,Fasle
2078_01,True
2079_01,True
2079_02,Fasle
2079_03,Fasle
2093_01,Fasle
2098_01,True
2101_01,True
2101_02,True
2103_01,Fasle
2108_01,Fasle
2108_02,True
2109_01,True
2113_01,True
2119_01,Fasle
2119_02,True
2122_01,True
2132_01,True
2146_01,True
2146_02,True
2151_01,True
2155_01,True
2157_01,Fasle
2160_01,Fasle
2160_02,True
2160_03,True
2165_01,Fasle
2166_01,Fasle
2169_01,Fasle
2170_01,Fasle
2174_01,Fasle
2176_01,True
2178_01,Fasle
2181_01,Fasle
2184_01,True
2184_02,True
2185_01,True
2192_01,Fasle
2197_01,True
2199_01,True
2208_01,Fasle
2213_01,Fasle
2214_01,Fasle
2216_01,Fasle
2217_01,Fasle
2218_01,Fasle
2222_01,True
2226_01,True
2227_01,True
2230_01,True
2236_01,True
2240_01,True
2240_02,Fasle
2240_03,Fasle
2242_01,True
2244_01,Fasle
2245_01,True
2245_02,True
2246_01,True
2246_02,Fasle
2247_01,Fasle
2248_01,Fasle
2249_01,True
2250_01,Fasle
2259_01,True
2259_02,True
2260_01,True
2265_01,Fasle
2271_01,Fasle
2276_01,True
2276_02,Fasle
2283_01,Fasle
2285_01,Fasle
2286_01,Fasle
2290_01,True
2292_01,True
2293_01,True
2294_01,True
2297_01,Fasle
2304_01,True
2307_01,True
2307_02,Fasle
2307_03,Fasle
2307_04,True
2307_05,True
2322_01,Fasle
2323_01,Fasle
2324_01,Fasle
2326_01,True
2328_01,Fasle
2330_01,Fasle
2331_01,True
2334_01,Fasle
2335_01,True
2337_01,True
2342_01,Fasle
2343_01,True
2343_02,True
2344_01,Fasle
2344_02,True
2346_01,Fasle
2350_01,True
2350_02,Fasle
2350_03,True
2351_01,Fasle
2351_02,Fasle
2352_01,Fasle
2354_01,Fasle
2355_01,True
2355_02,True
2355_03,Fasle
2355_04,True
2358_01,Fasle
2359_01,Fasle
2362_01,Fasle
2370_01,True
2370_02,True
2370_03,True
2370_04,Fasle
2371_01,True
2372_01,Fasle
2378_01,True
2378_02,True
2380_01,Fasle
2380_02,True
2381_01,True
2383_01,Fasle
2383_02,Fasle
2386_01,True
2388_01,Fasle
2388_02,True
2393_01,Fasle
2394_01,True
2394_02,True
2394_03,Fasle
2400_01,Fasle
2405_01,Fasle
2407_01,True
2408_01,Fasle
2415_01,True
2418_01,Fasle
2420_01,Fasle
2422_01,Fasle
2422_02,True
2425_01,True
2425_02,True
2425_03,True
2425_04,True
2425_05,True
2425_06,True
2428_01,Fasle
2430_01,True
2430_02,True
2430_03,Fasle
2434_01,True
2434_02,Fasle
2437_01,Fasle
2440_01,Fasle
2447_01,Fasle
2448_01,True
2448_02,True
2450_01,Fasle
2459_01,True
2464_01,Fasle
2465_01,True
2468_01,True
2469_01,True
2469_02,Fasle
2473_01,Fasle
2481_01,True
2481_02,Fasle
2482_01,Fasle
2482_02,Fasle
2484_01,True
2484_02,Fasle
2485_01,Fasle
2487_01,True
2487_02,True
2487_03,Fasle
2490_01,Fasle
2493_01,Fasle
2493_02,Fasle
2494_01,True
2494_02,Fasle
2495_01,Fasle
2501_01,True
2504_01,Fasle
2507_01,True
2511_01,Fasle
2514_01,Fasle
2517_01,True
2525_01,Fasle
2529_01,Fasle
2533_01,Fasle
2536_01,True
2538_01,True
2538_02,True
2539_01,True
2543_01,True
2554_01,True
2556_01,True
2563_01,True
2566_01,Fasle
2567_01,True
2567_02,True
2568_01,True
2569_01,Fasle
2570_01,True
2575_01,True
2576_01,True
2577_01,True
2577_02,True
2579_01,Fasle
2583_01,True
2585_01,True
2586_01,True
2587_01,True
2587_02,True
2600_01,True
2603_01,True
2603_02,True
2604_01,True
2608_01,True
2610_01,Fasle
2611_01,Fasle
2612_01,Fasle
2613_01,Fasle
2614_01,Fasle
2615_01,Fasle
2620_01,True
2621_01,Fasle
2623_01,Fasle
2630_01,Fasle
2630_02,True
2630_03,True
2632_01,Fasle
2637_01,Fasle
2637_02,True
2637_03,Fasle
2639_01,True
2644_01,Fasle
2653_01,Fasle
2654_01,Fasle
2656_01,True
2665_01,Fasle
2667_01,True
2667_02,Fasle
2667_03,Fasle
2667_04,True
2667_05,True
2669_01,Fasle
2673_01,True
2674_01,Fasle
2674_02,Fasle
2680_01,Fasle
2681_01,True
2686_01,Fasle
2689_01,Fasle
2694_01,True
2694_02,True
2696_01,True
2699_01,Fasle
2705_01,True
2710_01,True
2710_02,True
2711_01,True
2715_01,Fasle
2715_02,Fasle
2716_01,Fasle
2716_02,True
2719_01,Fasle
2719_02,True
2719_03,Fasle
2728_01,True
2731_01,True
2733_01,Fasle
2735_01,Fasle
2742_01,True
2744_01,True
2749_01,True
2757_01,Fasle
2761_01,Fasle
2761_02,True
2766_01,True
2767_01,Fasle
2771_01,Fasle
2775_01,Fasle
2776_01,True
2777_01,True
2779_01,Fasle
2782_01,Fasle
2791_01,Fasle
2794_01,Fasle
2794_02,Fasle
2794_03,True
2794_04,True
2794_05,Fasle
2794_06,True
2794_07,True
2800_01,True
2803_01,True
2804_01,True
2808_01,True
2808_02,True
2815_01,Fasle
2815_02,True
2815_03,True
2816_01,True
2827_01,True
2828_01,Fasle
2829_01,True
2830_01,True
2833_01,True
2836_01,True
2841_01,Fasle
2842_01,True
2844_01,Fasle
2845_01,True
2845_02,True
2848_01,True
2848_02,True
2848_03,True
2849_01,Fasle
2850_01,True
2850_02,True
2850_03,Fasle
2850_04,True
2851_01,Fasle
2855_01,True
2864_01,Fasle
2868_01,True
2868_02,True
2868_03,True
2868_04,True
2874_01,Fasle
2879_01,Fasle
2885_01,Fasle
2886_01,Fasle
2889_01,Fasle
2895_01,True
2896_01,Fasle
2898_01,True
2898_02,True
2903_01,True
2904_01,Fasle
2904_02,True
2911_01,True
2914_01,True
2915_01,True
2916_01,True
2917_01,Fasle
2918_01,Fasle
2921_01,Fasle
2922_01,True
2923_01,True
2924_01,Fasle
2931_01,True
2931_02,Fasle
2932_01,True
2933_01,True
2937_01,Fasle
2939_01,Fasle
2946_01,Fasle
2946_02,Fasle
2946_03,True
2946_04,Fasle
2947_01,True
2951_01,Fasle
2952_01,Fasle
2955_01,Fasle
2957_01,True
2963_01,Fasle
2967_01,True
2973_01,Fasle
2974_01,Fasle
2976_01,True
2976_02,True
2976_03,True
2976_04,Fasle
2977_01,Fasle
2977_02,Fasle
2977_03,Fasle
2978_01,Fasle
2980_01,Fasle
2981_01,True
2985_01,True
2987_01,Fasle
2989_01,Fasle
2991_01,Fasle
2997_01,True
2997_02,Fasle
2997_03,Fasle
2997_04,True
2999_01,Fasle
3002_01,Fasle
3007_01,Fasle
3008_01,True
3008_02,Fasle
3008_03,True
3008_04,True
3008_05,True
3008_06,True
3011_01,True
3016_01,Fasle
3016_02,True
3016_03,True
3016_04,Fasle
3017_01,True
3028_01,True
3031_01,True
3035_01,True
3037_01,True
3037_02,True
3041_01,Fasle
3043_01,True
3046_01,Fasle
3049_01,Fasle
3051_01,Fasle
3052_01,Fasle
3056_01,True
3057_01,True
3058_01,Fasle
3059_01,True
3069_01,Fasle
3072_01,True
3074_01,True
3075_01,True
3077_01,True
3077_02,True
3078_01,Fasle
3078_02,Fasle
3078_03,True
3078_04,Fasle
3086_01,True
3089_01,True
3094_01,True
3097_01,True
3098_01,Fasle
3101_01,Fasle
3105_01,True
3105_02,True
3105_03,True
3106_01,True
3107_01,True
3108_01,True
3109_01,True
3115_01,True
3122_01,Fasle
3122_02,Fasle
3125_01,Fasle
3125_02,Fasle
3127_01,True
3129_01,True
3135_01,Fasle
3137_01,True
3139_01,Fasle
3141_01,True
3144_01,Fasle
3146_01,Fasle
3148_01,True
3148_02,Fasle
3150_01,Fasle
3151_01,True
3153_01,Fasle
3153_02,True
3154_01,True
3155_01,True
3155_02,True
3156_01,Fasle
3157_01,Fasle
3160_01,Fasle
3165_01,Fasle
3167_01,True
3170_01,True
3173_01,True
3177_01,Fasle
3178_01,True
3183_01,Fasle
3186_01,True
3187_01,True
3190_01,Fasle
3190_02,True
3194_01,Fasle
3198_01,Fasle
3199_01,True
3202_01,True
3207_01,Fasle
3208_01,Fasle
3214_01,True
3222_01,Fasle
3226_01,True
3228_01,Fasle
3231_01,True
3233_01,True
3234_01,Fasle
3242_01,Fasle
3244_01,True
3244_02,True
3244_03,True
3245_01,Fasle
3245_02,Fasle
3246_01,True
3249_01,Fasle
3249_02,True
3250_01,Fasle
3251_01,Fasle
3257_01,True
3261_01,Fasle
3263_01,True
3264_01,Fasle
3265_01,Fasle
3265_02,True
3265_03,True
3265_04,True
3266_01,True
3267_01,True
3277_01,Fasle
3278_01,True
3281_01,True
3285_01,Fasle
3285_02,True
3286_01,Fasle
3288_01,True
3290_01,True
3290_02,Fasle
3291_01,True
3302_01,Fasle
3303_01,Fasle
3306_01,Fasle
3307_01,True
3316_01,True
3320_01,Fasle
3320_02,Fasle
3321_01,True
3333_01,True
3334_01,True
3335_01,Fasle
3340_01,Fasle
3341_01,True
3341_02,Fasle
3344_01,True
3344_02,True
3345_01,True
3345_02,Fasle
3345_03,True
3346_01,Fasle
3347_01,True
3347_02,Fasle
3351_01,True
3351_02,True
3354_01,Fasle
3355_01,True
3356_01,True
3358_01,Fasle
3362_01,Fasle
3362_02,Fasle
3366_01,True
3367_01,True
3368_01,True
3368_02,True
3368_03,True
3368_04,True
3368_05,True
3368_06,Fasle
3368_07,Fasle
3369_01,Fasle
3373_01,True
3374_01,Fasle
3375_01,Fasle
3376_01,True
3378_01,Fasle
3379_01,True
3385_01,Fasle
3388_01,True
3393_01,True
3398_01,Fasle
3399_01,Fasle
3400_01,True
3407_01,Fasle
3407_02,Fasle
3411_01,True
3411_02,Fasle
3411_03,Fasle
3411_04,Fasle
3411_05,True
3411_06,True
3411_07,Fasle
3414_01,Fasle
3416_01,Fasle
3427_01,True
3429_01,True
3435_01,Fasle
3436_01,True
3448_01,True
3448_02,True
3451_01,Fasle
3452_01,Fasle
3457_01,True
3460_01,Fasle
3463_01,True
3466_01,Fasle
3471_01,Fasle
3472_01,True
3477_01,Fasle
3477_02,True
3479_01,Fasle
3481_01,Fasle
3482_01,Fasle
3482_02,True
3493_01,True
3494_01,Fasle
3494_02,True
3498_01,Fasle
3500_01,Fasle
3502_01,Fasle
3503_01,Fasle
3505_01,Fasle
3507_01,Fasle
3508_01,Fasle
3508_02,True
3509_01,True
3509_02,Fasle
3510_01,True
3513_01,True
3513_02,True
3513_03,Fasle
3513_04,True
3516_01,Fasle
3517_01,True
3522_01,True
3524_01,Fasle
3526_01,Fasle
3529_01,True
3532_01,True
3538_01,Fasle
3541_01,Fasle
3544_01,Fasle
3544_02,Fasle
3545_01,Fasle
3549_01,Fasle
3549_02,True
3551_01,Fasle
3554_01,Fasle
3557_01,Fasle
3571_01,True
3574_01,Fasle
3575_01,Fasle
3580_01,True
3580_02,True
3581_01,Fasle
3583_01,Fasle
3585_01,True
3587_01,True
3587_02,Fasle
3587_03,Fasle
3589_01,Fasle
3589_02,True
3589_03,True
3589_04,True
3589_05,Fasle
3589_06,True
3589_07,True
3590_01,Fasle
3593_01,True
3599_01,Fasle
3601_01,Fasle
3601_02,True
3601_03,True
3601_04,True
3601_05,True
3601_06,Fasle
3601_07,True
3603_01,True
3603_02,True
3604_01,True
3611_01,Fasle
3617_01,Fasle
3617_02,Fasle
3617_03,Fasle
3618_01,True
3618_02,Fasle
3618_03,True
3618_04,Fasle
3621_01,Fasle
3621_02,Fasle
3623_01,True
3627_01,True
3632_01,Fasle
3633_01,True
3635_01,True
3635_02,Fasle
3637_01,Fasle
3638_01,Fasle
3643_01,True
3646_01,Fasle
3646_02,Fasle
3649_01,Fasle
3651_01,True
3656_01,True
3656_02,Fasle
3657_01,True
3657_02,True
3657_03,Fasle
3659_01,Fasle
3659_02,True
3659_03,Fasle
3659_04,Fasle
3659_05,Fasle
3659_06,True
3659_07,True
3661_01,Fasle
3663_01,True
3666_01,True
3669_01,True
3670_01,True
3672_01,Fasle
3672_02,Fasle
3673_01,Fasle
3675_01,Fasle
3675_02,True
3675_03,True
3676_01,True
3683_01,True
3683_02,True
3684_01,True
3684_02,Fasle
3685_01,Fasle
3687_01,True
3689_01,Fasle
3694_01,True
3695_01,Fasle
3696_01,True
3697_01,Fasle
3698_01,Fasle
3701_01,True
3701_02,True
3701_03,True
3709_01,True
3712_01,True
3712_02,True
3712_03,True
3712_04,True
3712_05,True
3717_01,Fasle
3717_02,True
3718_01,True
3720_01,True
3720_02,True
3720_03,True
3721_01,Fasle
3722_01,Fasle
3723_01,Fasle
3725_01,True
3727_01,Fasle
3730_01,True
3731_01,True
3738_01,True
3740_01,Fasle
3746_01,Fasle
3746_02,Fasle
3746_03,True
3746_04,True
3762_01,Fasle
3763_01,Fasle
3764_01,True
3764_02,True
3766_01,True
3766_02,True
3780_01,True
3782_01,Fasle
3782_02,Fasle
3791_01,Fasle
3792_01,True
3794_01,True
3799_01,Fasle
3800_01,Fasle
3802_01,Fasle
3806_01,True
3808_01,True
3809_01,Fasle
3809_02,Fasle
3813_01,True
3819_01,Fasle
3825_01,Fasle
3827_01,Fasle
3828_01,True
3828_02,Fasle
3828_03,True
3829_01,Fasle
3829_02,True
3833_01,True
3834_01,True
3837_01,Fasle
3840_01,Fasle
3843_01,True
3844_01,True
3844_02,True
3845_01,Fasle
3855_01,True
3858_01,True
3858_02,True
3858_03,Fasle
3858_04,Fasle
3859_01,True
3860_01,True
3861_01,Fasle
3863_01,Fasle
3865_01,True
3869_01,True
3876_01,True
3876_02,True
3876_03,True
3877_01,Fasle
3878_01,Fasle
3880_01,True
3881_01,Fasle
3882_01,True
3884_01,Fasle
3885_01,Fasle
3887_01,True
3889_01,Fasle
3889_02,Fasle
3891_01,True
3892_01,True
3892_02,Fasle
3893_01,Fasle
3893_02,True
3893_03,Fasle
3900_01,Fasle
3901_01,Fasle
3902_01,True
3905_01,True
3906_01,Fasle
3906_02,Fasle
3908_01,Fasle
3908_02,Fasle
3910_01,True
3914_01,Fasle
3918_01,Fasle
3920_01,Fasle
3925_01,Fasle
3925_02,Fasle
3929_01,True
3934_01,True
3934_02,Fasle
3943_01,True
3943_02,True
3943_03,Fasle
3947_01,Fasle
3951_01,Fasle
3953_01,True
3956_01,Fasle
3957_01,True
3965_01,Fasle
3969_01,Fasle
3972_01,True
3975_01,Fasle
3978_01,True
3979_01,Fasle
3982_01,Fasle
3983_01,Fasle
3989_01,True
3989_02,True
3989_03,Fasle
3989_04,True
3990_01,True
3993_01,Fasle
4004_01,Fasle
4007_01,Fasle
4011_01,True
4012_01,True
4012_02,True
4015_01,True
4015_02,Fasle
4024_01,True
4025_01,True
4028_01,True
4029_01,True
4041_01,True
4048_01,True
4048_02,True
4048_03,True
4051_01,True
4052_01,True
4054_01,True
4054_02,True
4054_03,Fasle
4056_01,Fasle
4057_01,Fasle
4059_01,True
4059_02,Fasle
4062_01,Fasle
4067_01,Fasle
4070_01,True
4070_02,True
4070_03,True
4073_01,Fasle
4073_02,True
4074_01,Fasle
4077_01,Fasle
4085_01,True
4086_01,Fasle
4086_02,True
4086_03,Fasle
4087_01,True
4088_01,True
4092_01,True
4094_01,Fasle
4094_02,Fasle
4100_01,True
4105_01,Fasle
4111_01,True
4117_01,Fasle
4118_01,Fasle
4119_01,True
4121_01,Fasle
4122_01,Fasle
4123_01,Fasle
4124_01,True
4126_01,Fasle
4133_01,True
4133_02,True
4136_01,True
4136_02,Fasle
4138_01,Fasle
4139_01,Fasle
4146_01,Fasle
4148_01,True
4153_01,Fasle
4155_01,True
4157_01,Fasle
4161_01,True
4162_01,True
4164_01,True
4180_01,True
4180_02,Fasle
4187_01,Fasle
4190_01,True
4192_01,Fasle
4193_01,True
4195_01,Fasle
4198_01,True
4200_01,Fasle
4201_01,Fasle
4202_01,True
4202_02,Fasle
4209_01,Fasle
4217_01,Fasle
4224_01,Fasle
4224_02,True
4226_01,True
4226_02,Fasle
4227_01,True
4228_01,Fasle
4234_01,Fasle
4234_02,Fasle
4235_01,Fasle
4235_02,True
4236_01,True
4236_02,True
4241_01,Fasle
4247_01,True
4247_02,Fasle
4248_01,Fasle
4248_02,Fasle
4250_01,True
4263_01,Fasle
4263_02,True
4263_03,True
4265_01,True
4268_01,True
4268_02,True
4269_01,True
4275_01,Fasle
4276_01,Fasle
4277_01,True
4279_01,Fasle
4281_01,Fasle
4282_01,True
4283_01,True
4284_01,True
4284_02,Fasle
4285_01,True
4286_01,True
4286_02,Fasle
4286_03,True
4287_01,Fasle
4288_01,True
4288_02,Fasle
4290_01,Fasle
4298_01,Fasle
4298_02,True
4298_03,True
4299_01,Fasle
4304_01,Fasle
4307_01,True
4308_01,True
4310_01,Fasle
4313_01,True
4314_01,True
4321_01,True
4322_01,True
4323_01,True
4323_02,Fasle
4323_03,True
4323_04,True
4325_01,Fasle
4326_01,Fasle
4328_01,True
4331_01,True
4341_01,True
4341_02,Fasle
4342_01,True
4353_01,Fasle
4355_01,True
4363_01,True
4374_01,Fasle
4375_01,True
4377_01,True
4377_02,True
4377_03,True
4378_01,Fasle
4378_02,Fasle
4379_01,True
4380_01,Fasle
4381_01,True
4381_02,Fasle
4384_01,Fasle
4385_01,Fasle
4385_02,True
4385_03,True
4389_01,Fasle
4394_01,Fasle
4398_01,Fasle
4406_01,Fasle
4412_01,Fasle
4414_01,True
4417_01,True
4418_01,Fasle
4419_01,Fasle
4419_02,Fasle
4420_01,True
4420_02,Fasle
4421_01,Fasle
4423_01,Fasle
4425_01,True
4425_02,True
4434_01,Fasle
4435_01,True
4435_02,True
4439_01,True
4439_02,True
4442_01,True
4443_01,True
4443_02,True
4454_01,True
4455_01,Fasle
4455_02,Fasle
4455_03,True
4458_01,True
4460_01,True
4468_01,True
4471_01,Fasle
4478_01,True
4480_01,True
4481_01,Fasle
4484_01,Fasle
4488_01,Fasle
4489_01,Fasle
4495_01,Fasle
4499_01,True
4503_01,Fasle
4504_01,True
4507_01,Fasle
4513_01,True
4519_01,True
4520_01,Fasle
4523_01,True
4523_02,True
4523_03,Fasle
4523_04,True
4523_05,True
4523_06,True
4525_01,Fasle
4526_01,True
4527_01,Fasle
4528_01,True
4536_01,Fasle
4540_01,True
4541_01,Fasle
4545_01,Fasle
4548_01,True
4551_01,True
4551_02,True
4551_03,True
4551_04,True
4554_01,Fasle
4556_01,Fasle
4566_01,Fasle
4578_01,Fasle
4579_01,True
4582_01,True
4582_02,Fasle
4582_03,Fasle
4582_04,True
4582_05,True
4582_06,Fasle
4582_07,Fasle
4583_01,True
4583_02,True
4583_03,Fasle
4584_01,Fasle
4588_01,Fasle
4589_01,True
4590_01,Fasle
4598_01,Fasle
4599_01,True
4600_01,True
4600_02,True
4601_01,Fasle
4614_01,True
4614_02,Fasle
4616_01,Fasle
4618_01,Fasle
4619_01,True
4626_01,True
4626_02,Fasle
4627_01,Fasle
4629_01,Fasle
4636_01,True
4639_01,True
4639_02,True
4639_03,Fasle
4639_04,Fasle
4639_05,True
4639_06,True
4647_01,True
4660_01,True
4666_01,Fasle
4669_01,True
4670_01,True
4671_01,True
4671_02,True
4671_03,True
4671_04,True
4674_01,Fasle
4675_01,Fasle
4675_02,Fasle
4681_01,Fasle
4682_01,True
4683_01,True
4683_02,True
4685_01,True
4687_01,Fasle
4688_01,Fasle
4692_01,Fasle
4697_01,True
4698_01,True
4700_01,True
4701_01,True
4701_02,True
4701_03,True
4701_04,True
4702_01,True
4702_02,Fasle
4703_01,True
4703_02,True
4705_01,True
4705_02,Fasle
4707_01,Fasle
4707_02,Fasle
4715_01,True
4716_01,Fasle
4718_01,True
4722_01,Fasle
4724_01,True
4727_01,Fasle
4727_02,Fasle
4729_01,Fasle
4731_01,True
4734_01,Fasle
4735_01,Fasle
4736_01,True
4737_01,Fasle
4740_01,True
4742_01,Fasle
4745_01,True
4747_01,True
4747_02,Fasle
4749_01,Fasle
4751_01,Fasle
4760_01,True
4761_01,True
4761_02,True
4761_03,Fasle
4765_01,True
4766_01,True
4767_01,True
4768_01,True
4768_02,True
4771_01,Fasle
4776_01,True
4776_02,True
4776_03,True
4776_04,True
4779_01,Fasle
4781_01,Fasle
4789_01,True
4799_01,Fasle
4799_02,Fasle
4799_03,Fasle
4800_01,Fasle
4802_01,True
4802_02,Fasle
4805_01,True
4806_01,True
4809_01,Fasle
4811_01,True
4812_01,True
4816_01,Fasle
4820_01,True
4820_02,Fasle
4821_01,Fasle
4824_01,True
4825_01,True
4826_01,True
4833_01,Fasle
4833_02,Fasle
4834_01,True
4835_01,Fasle
4839_01,Fasle
4843_01,Fasle
4843_02,Fasle
4844_01,Fasle
4849_01,True
4852_01,True
4854_01,True
4855_01,True
4855_02,True
4858_01,Fasle
4859_01,True
4860_01,Fasle
4861_01,Fasle
4865_01,Fasle
4867_01,Fasle
4869_01,Fasle
4872_01,Fasle
4877_01,Fasle
4894_01,True
4905_01,True
4906_01,Fasle
4907_01,True
4908_01,Fasle
4914_01,Fasle
4919_01,Fasle
4921_01,Fasle
4922_01,True
4926_01,Fasle
4928_01,True
4931_01,True
4935_01,Fasle
4935_02,True
4935_03,True
4936_01,Fasle
4947_01,Fasle
4948_01,Fasle
4949_01,True
4949_02,Fasle
4953_01,True
4955_01,Fasle
4957_01,True
4959_01,True
4960_01,Fasle
4962_01,True
4966_01,True
4966_02,True
4967_01,True
4968_01,True
4969_01,True
4969_02,True
4971_01,True
4976_01,Fasle
4982_01,True
4984_01,Fasle
4984_02,True
4985_01,True
4986_01,Fasle
4988_01,True
4993_01,True
4994_01,Fasle
5001_01,Fasle
5002_01,True
5011_01,True
5022_01,Fasle
5024_01,Fasle
5024_02,Fasle
5024_03,Fasle
5024_04,Fasle
5024_05,True
5026_01,Fasle
5029_01,True
5029_02,True
5030_01,Fasle
5031_01,Fasle
5031_02,True
5033_01,Fasle
5033_02,Fasle
5037_01,True
5038_01,Fasle
5038_02,True
5041_01,Fasle
5043_01,True
5043_02,True
5043_03,True
5045_01,True
5046_01,True
5047_01,True
5049_01,Fasle
5053_01,True
5054_01,Fasle
5055_01,True
5056_01,True
5056_02,True
5066_01,True
5071_01,True
5075_01,True
5077_01,Fasle
5078_01,Fasle
5079_01,True
5081_01,Fasle
5082_01,Fasle
5086_01,True
5086_02,True
5092_01,Fasle
5094_01,True
5094_02,Fasle
5096_01,Fasle
5096_02,Fasle
5098_01,Fasle
5098_02,True
5098_03,True
5099_01,Fasle
5100_01,True
5101_01,True
5102_01,Fasle
5107_01,Fasle
5110_01,True
5113_01,Fasle
5114_01,True
5117_01,Fasle
5118_01,True
5119_01,True
5121_01,True
5123_01,Fasle
5131_01,True
5131_02,True
5134_01,Fasle
5135_01,Fasle
5139_01,True
5141_01,True
5143_01,True
5147_01,Fasle
5149_01,Fasle
5149_02,True
5150_01,True
5153_01,True
5155_01,Fasle
5159_01,True
5159_02,Fasle
5164_01,True
5164_02,True
5168_01,Fasle
5169_01,Fasle
5172_01,Fasle
5178_01,Fasle
5183_01,True
5189_01,True
5191_01,Fasle
5195_01,Fasle
5200_01,Fasle
5203_01,True
5203_02,True
5212_01,Fasle
5215_01,Fasle
5219_01,True
5219_02,True
5222_01,True
5228_01,Fasle
5228_02,True
5231_01,Fasle
5232_01,Fasle
5232_02,Fasle
5233_01,True
5237_01,True
5241_01,True
5241_02,True
5245_01,True
5259_01,Fasle
5261_01,Fasle
5263_01,Fasle
5267_01,Fasle
5267_02,True
5267_03,True
5270_01,True
5283_01,Fasle
5284_01,True
5285_01,True
5286_01,Fasle
5289_01,True
5293_01,Fasle
5293_02,Fasle
5294_01,Fasle
5295_01,Fasle
5296_01,Fasle
5302_01,True
5306_01,Fasle
5306_02,True
5308_01,Fasle
5308_02,True
5308_03,Fasle
5309_01,True
5311_01,True
5317_01,Fasle
5317_02,True
5318_01,True
5318_02,True
5319_01,Fasle
5321_01,Fasle
5324_01,True
5328_01,True
5329_01,Fasle
5329_02,True
5329_03,Fasle
5329_04,Fasle
5329_05,Fasle
5329_06,Fasle
5329_07,Fasle
5332_01,True
5335_01,True
5335_02,True
5335_03,Fasle
5335_04,True
5336_01,Fasle
5338_01,True
5339_01,True
5339_02,True
5339_03,True
5342_01,Fasle
5349_01,True
5352_01,True
5357_01,True
5357_02,True
5357_03,Fasle
5357_04,Fasle
5358_01,True
5364_01,True
5369_01,True
5369_02,Fasle
5369_03,True
5370_01,True
5371_01,True
5371_02,Fasle
5371_03,True
5371_04,True
5373_01,Fasle
5376_01,True
5376_02,True
5377_01,True
5381_01,Fasle
5382_01,True
5382_02,True
5386_01,True
5391_01,Fasle
5393_01,Fasle
5398_01,True
5399_01,Fasle
5400_01,True
5403_01,Fasle
5405_01,Fasle
5407_01,True
5409_01,Fasle
5417_01,Fasle
5419_01,Fasle
5426_01,True
5428_01,Fasle
5428_02,True
5429_01,Fasle
5432_01,True
5433_01,True
5439_01,Fasle
5442_01,Fasle
5444_01,Fasle
5448_01,Fasle
5449_01,Fasle
5456_01,Fasle
5460_01,Fasle
5461_01,Fasle
5464_01,Fasle
5473_01,Fasle
5473_02,Fasle
5481_01,True
5482_01,True
5482_02,Fasle
5486_01,True
5493_01,True
5495_01,True
5498_01,True
5498_02,True
5502_01,True
5503_01,Fasle
5505_01,Fasle
5505_02,True
5505_03,True
5513_01,True
5513_02,True
5513_03,Fasle
5513_04,True
5516_01,Fasle
5518_01,Fasle
5519_01,True
5525_01,True
5532_01,True
5533_01,Fasle
5534_01,Fasle
5542_01,Fasle
5547_01,True
5548_01,True
5549_01,True
5553_01,True
5553_02,True
5554_01,True
5558_01,Fasle
5562_01,True
5562_02,True
5564_01,Fasle
5565_01,Fasle
5567_01,Fasle
5570_01,True
5576_01,Fasle
5577_01,True
5577_02,Fasle
5577_03,True
5577_04,True
5577_05,True
5579_01,True
5584_01,True
5584_02,Fasle
5588_01,Fasle
5588_02,True
5588_03,True
5588_04,True
5588_05,True
5590_01,True
5593_01,Fasle
5597_01,True
5600_01,True
5604_01,Fasle
5605_01,Fasle
5607_01,True
5612_01,True
5617_01,Fasle
5620_01,True
5620_02,Fasle
5621_01,Fasle
5624_01,True
5630_01,True
5632_01,True
5633_01,Fasle
5634_01,True
5635_01,Fasle
5636_01,Fasle
5638_01,True
5641_01,True
5649_01,True
5654_01,Fasle
5656_01,Fasle
5657_01,Fasle
5658_01,Fasle
5660_01,Fasle
5664_01,Fasle
5664_02,Fasle
5664_03,True
5664_04,True
5665_01,Fasle
5666_01,Fasle
5668_01,True
5669_01,True
5670_01,True
5672_01,True
5675_01,True
5676_01,Fasle
5678_01,True
5678_02,True
5682_01,True
5683_01,Fasle
5690_01,Fasle
5691_01,True
5694_01,True
5697_01,True
5699_01,Fasle
5703_01,Fasle
5708_01,True
5715_01,True
5715_02,True
5720_01,True
5720_02,Fasle
5731_01,Fasle
5731_02,True
5734_01,True
5734_02,Fasle
5741_01,Fasle
5743_01,Fasle
5745_01,True
5749_01,Fasle
5752_01,Fasle
5753_01,Fasle
5754_01,Fasle
5759_01,True
5760_01,Fasle
5762_01,Fasle
5766_01,True
5770_01,True
5774_01,Fasle
5775_01,True
5782_01,Fasle
5782_02,Fasle
5782_03,True
5782_04,True
5784_01,True
5787_01,Fasle
5787_02,True
5787_03,True
5789_01,True
5789_02,True
5797_01,True
5798_01,Fasle
5801_01,Fasle
5803_01,True
5805_01,Fasle
5807_01,Fasle
5815_01,Fasle
5815_02,Fasle
5815_03,Fasle
5815_04,Fasle
5830_01,True
5832_01,Fasle
5833_01,True
5838_01,Fasle
5841_01,True
5841_02,True
5841_03,True
5845_01,True
5850_01,True
5851_01,Fasle
5851_02,True
5853_01,Fasle
5862_01,Fasle
5864_01,True
5865_01,Fasle
5866_01,True
5870_01,True
5872_01,True
5873_01,Fasle
5873_02,True
5873_03,Fasle
5881_01,True
5883_01,True
5884_01,Fasle
5892_01,Fasle
5893_01,Fasle
5893_02,Fasle
5895_01,Fasle
5896_01,Fasle
5899_01,Fasle
5904_01,True
5904_02,Fasle
5910_01,Fasle
5911_01,True
5911_02,Fasle
5911_03,Fasle
5911_04,Fasle
5911_05,Fasle
5911_06,True
5914_01,True
5917_01,True
5918_01,True
5926_01,True
5929_01,Fasle
5932_01,Fasle
5935_01,Fasle
5936_01,True
5936_02,True
5936_03,Fasle
5936_04,True
5936_05,Fasle
5937_01,True
5940_01,Fasle
5942_01,True
5942_02,True
5943_01,Fasle
5948_01,Fasle
5958_01,Fasle
5961_01,True
5961_02,True
5962_01,Fasle
5964_01,True
5964_02,True
5966_01,True
5966_02,True
5978_01,Fasle
5978_02,Fasle
5979_01,True
5982_01,Fasle
5996_01,True
5997_01,True
5997_02,True
6002_01,True
6005_01,Fasle
6005_02,Fasle
6005_03,Fasle
6005_04,Fasle
6005_05,True
6009_01,Fasle
6009_02,Fasle
6012_01,Fasle
6013_01,True
6018_01,Fasle
6021_01,True
6023_01,Fasle
6037_01,True
6044_01,Fasle
6044_02,Fasle
6046_01,True
6050_01,True
6051_01,Fasle
6051_02,True
6053_01,Fasle
6056_01,Fasle
6057_01,Fasle
6060_01,Fasle
6063_01,True
6072_01,Fasle
6074_01,True
6074_02,True
6074_03,True
6078_01,True
6079_01,True
6081_01,True
6081_02,True
6081_03,True
6081_04,True
6083_01,Fasle
6084_01,True
6088_01,True
6089_01,True
6093_01,True
6097_01,Fasle
6100_01,True
6104_01,True
6113_01,Fasle
6114_01,Fasle
6119_01,True
6119_02,True
6119_03,True
6125_01,Fasle
6129_01,Fasle
6131_01,Fasle
6134_01,True
6140_01,True
6142_01,Fasle
6142_02,True
6144_01,True
6147_01,Fasle
6151_01,Fasle
6151_02,True
6154_01,True
6159_01,Fasle
6160_01,Fasle
6160_02,True
6161_01,True
6164_01,True
6165_01,True
6177_01,Fasle
6183_01,Fasle
6185_01,Fasle
6187_01,True
6188_01,True
6190_01,True
6193_01,True
6193_02,True
6193_03,Fasle
6193_04,Fasle
6195_01,Fasle
6196_01,True
6197_01,True
6198_01,Fasle
6202_01,True
6203_01,Fasle
6204_01,True
6209_01,Fasle
6209_02,True
6210_01,True
6212_01,True
6214_01,Fasle
6217_01,True
6217_02,Fasle
6221_01,True
6226_01,Fasle
6231_01,True
6231_02,True
6231_03,Fasle
6233_01,Fasle
6233_02,Fasle
6233_03,True
6235_01,True
6240_01,True
6242_01,True
6244_01,Fasle
6244_02,True
6247_01,Fasle
6255_01,True
6257_01,True
6257_02,Fasle
6257_03,True
6258_01,True
6259_01,Fasle
6260_01,Fasle
6260_02,Fasle
6261_01,True
6261_02,True
6267_01,Fasle
6267_02,True
6267_03,True
6267_04,True
6267_05,True
6267_06,True
6269_01,True
6269_02,Fasle
6269_03,True
6272_01,True
6272_02,True
6275_01,True
6278_01,True
6278_02,True
6284_01,True
6286_01,Fasle
6286_02,Fasle
6287_01,Fasle
6287_02,Fasle
6288_01,True
6288_02,Fasle
6288_03,True
6288_04,True
6291_01,Fasle
6294_01,True
6295_01,True
6295_02,Fasle
6298_01,True
6303_01,Fasle
6306_01,True
6307_01,True
6310_01,Fasle
6311_01,True
6312_01,True
6312_02,Fasle
6314_01,Fasle
6329_01,Fasle
6332_01,True
6332_02,True
6332_03,True
6332_04,Fasle
6332_05,True
6332_06,True
6332_07,True
6332_08,Fasle
6333_01,Fasle
6336_01,Fasle
6337_01,True
6342_01,True
6342_02,Fasle
6345_01,True
6345_02,True
6350_01,True
6352_01,True
6352_02,True
6358_01,True
6358_02,True
6359_01,Fasle
6362_01,True
6364_01,True
6375_01,Fasle
6377_01,True
6379_01,Fasle
6382_01,Fasle
6383_01,True
6383_02,True
6383_03,Fasle
6384_01,Fasle
6386_01,True
6387_01,Fasle
6389_01,Fasle
6391_01,True
6391_02,True
6392_01,True
6393_01,True
6395_01,Fasle
6401_01,True
6401_02,Fasle
6403_01,Fasle
6410_01,Fasle
6410_02,Fasle
6417_01,True
6420_01,True
6423_01,Fasle
6425_01,Fasle
6425_02,True
6426_01,Fasle
6427_01,True
6429_01,Fasle
6435_01,Fasle
6438_01,Fasle
6440_01,True
6441_01,Fasle
6445_01,Fasle
6460_01,True
6465_01,True
6466_01,Fasle
6467_01,Fasle
6469_01,True
6474_01,Fasle
6476_01,Fasle
6479_01,True
6479_02,True
6483_01,True
6484_01,Fasle
6486_01,True
6491_01,Fasle
6491_02,Fasle
6491_03,True
6495_01,Fasle
6496_01,True
6496_02,Fasle
6497_01,True
6498_01,Fasle
6499_01,Fasle
6499_02,Fasle
6499_03,Fasle
6499_04,Fasle
6499_05,Fasle
6499_06,True
6499_07,True
6499_08,True
6504_01,True
6504_02,True
6505_01,Fasle
6506_01,Fasle
6506_02,Fasle
6507_01,True
6515_01,True
6516_01,True
6516_02,True
6518_01,True
6519_01,Fasle
6521_01,Fasle
6524_01,Fasle
6527_01,True
6528_01,True
6532_01,Fasle
6533_01,True
6533_02,Fasle
6534_01,Fasle
6536_01,Fasle
6537_01,Fasle
6538_01,Fasle
6542_01,Fasle
6543_01,True
6550_01,Fasle
6551_01,True
6554_01,True
6555_01,True
6559_01,Fasle
6559_02,Fasle
6559_03,True
6564_01,True
6564_02,True
6566_01,Fasle
6571_01,Fasle
6575_01,True
6576_01,True
6577_01,Fasle
6577_02,Fasle
6577_03,True
6579_01,True
6581_01,Fasle
6584_01,True
6586_01,Fasle
6587_01,True
6589_01,True
6596_01,True
6596_02,Fasle
6597_01,Fasle
6600_01,True
6600_02,True
6605_01,True
6605_02,True
6607_01,True
6610_01,True
6612_01,Fasle
6612_02,Fasle
6612_03,Fasle
6612_04,True
6612_05,Fasle
6612_06,True
6615_01,True
6617_01,True
6617_02,True
6617_03,True
6619_01,Fasle
6627_01,True
6629_01,True
6632_01,Fasle
6636_01,True
6640_01,True
6644_01,Fasle
6648_01,True
6651_01,Fasle
6653_01,True
6657_01,True
6658_01,True
6658_02,True
6658_03,Fasle
6661_01,True
6666_01,Fasle
6677_01,True
6678_01,Fasle
6678_02,True
6679_01,Fasle
6682_01,True
6682_02,True
6685_01,Fasle
6686_01,Fasle
6687_01,Fasle
6688_01,True
6689_01,Fasle
6689_02,Fasle
6690_01,True
6695_01,True
6696_01,True
6700_01,True
6700_02,Fasle
6701_01,True
6703_01,Fasle
6704_01,True
6705_01,Fasle
6710_01,True
6712_01,Fasle
6714_01,Fasle
6715_01,Fasle
6716_01,Fasle
6717_01,True
6723_01,Fasle
6728_01,True
6732_01,Fasle
6733_01,True
6735_01,Fasle
6737_01,True
6738_01,True
6738_02,True
6740_01,Fasle
6743_01,True
6752_01,Fasle
6752_02,Fasle
6752_03,Fasle
6755_01,Fasle
6759_01,True
6767_01,Fasle
6767_02,True
6768_01,Fasle
6769_01,True
6770_01,True
6770_02,True
6770_03,True
6771_01,Fasle
6772_01,True
6772_02,Fasle
6777_01,True
6781_01,True
6783_01,True
6785_01,True
6790_01,Fasle
6791_01,True
6793_01,True
6793_02,True
6795_01,True
6797_01,Fasle
6803_01,Fasle
6804_01,Fasle
6807_01,True
6807_02,True
6809_01,Fasle
6811_01,True
6812_01,Fasle
6812_02,Fasle
6815_01,Fasle
6819_01,Fasle
6819_02,True
6819_03,True
6823_01,True
6828_01,True
6830_01,True
6835_01,True
6835_02,True
6836_01,Fasle
6838_01,True
6838_02,Fasle
6838_03,Fasle
6842_01,Fasle
6845_01,True
6846_01,Fasle
6847_01,Fasle
6849_01,Fasle
6852_01,True
6852_02,Fasle
6855_01,Fasle
6856_01,Fasle
6860_01,Fasle
6867_01,True
6870_01,Fasle
6872_01,True
6874_01,True
6875_01,Fasle
6875_02,Fasle
6875_03,True
6876_01,True
6876_02,Fasle
6876_03,True
6877_01,Fasle
6878_01,True
6881_01,True
6884_01,True
6886_01,True
6888_01,True
6888_02,True
6888_03,True
6888_04,Fasle
6890_01,Fasle
6897_01,Fasle
6904_01,True
6904_02,True
6904_03,Fasle
6909_01,True
6914_01,True
6916_01,True
6919_01,True
6922_01,True
6923_01,True
6927_01,Fasle
6933_01,True
6933_02,True
6935_01,Fasle
6936_01,Fasle
6936_02,Fasle
6936_03,True
6938_01,True
6941_01,True
6942_01,True
6948_01,True
6952_01,True
6953_01,Fasle
6955_01,Fasle
6956_01,True
6958_01,Fasle
6959_01,Fasle
6959_02,True
6959_03,True
6961_01,Fasle
6961_02,Fasle
6965_01,True
6969_01,Fasle
6974_01,Fasle
6975_01,Fasle
6983_01,True
6983_02,Fasle
6986_01,True
6986_02,Fasle
6986_03,True
6986_04,True
6986_05,True
6986_06,True
6986_07,Fasle
6986_08,True
6989_01,True
6993_01,True
7000_01,True
7003_01,Fasle
7009_01,Fasle
7009_02,Fasle
7012_01,True
7023_01,Fasle
7024_01,True
7030_01,Fasle
7033_01,Fasle
7035_01,True
7043_01,True
7046_01,Fasle
7046_02,Fasle
7046_03,Fasle
7054_01,True
7054_02,True
7055_01,True
7063_01,Fasle
7063_02,Fasle
7064_01,True
7065_01,True
7066_01,Fasle
7066_02,True
7067_01,Fasle
7067_02,True
7067_03,Fasle
7070_01,True
7075_01,Fasle
7076_01,True
7081_01,True
7081_02,True
7100_01,True
7100_02,Fasle
7101_01,Fasle
7101_02,Fasle
7102_01,True
7103_01,Fasle
7103_02,True
7107_01,True
7108_01,Fasle
7112_01,True
7115_01,True
7122_01,True
7123_01,Fasle
7124_01,True
7124_02,True
7124_03,Fasle
7125_01,True
7129_01,Fasle
7130_01,True
7130_02,True
7130_03,Fasle
7130_04,Fasle
7130_05,True
7130_06,True
7130_07,Fasle
7131_01,True
7135_01,True
7135_02,True
7135_03,True
7135_04,True
7136_01,True
7138_01,Fasle
7139_01,Fasle
7141_01,Fasle
7145_01,Fasle
7146_01,Fasle
7147_01,True
7150_01,Fasle
7150_02,True
7153_01,Fasle
7154_01,Fasle
7158_01,Fasle
7163_01,True
7163_02,True
7163_03,Fasle
7164_01,Fasle
7169_01,True
7172_01,Fasle
7172_02,Fasle
7174_01,Fasle
7178_01,True
7183_01,True
7185_01,True
7195_01,True
7196_01,True
7198_01,True
7201_01,Fasle
7204_01,Fasle
7209_01,True
7209_02,True
7211_01,Fasle
7212_01,True
7213_01,True
7220_01,Fasle
7222_01,True
7223_01,True
7228_01,True
7231_01,Fasle
7237_01,True
7239_01,True
7241_01,True
7241_02,Fasle
7243_01,True
7243_02,True
7243_03,True
7243_04,Fasle
7243_05,True
7244_01,True
7245_01,True
7248_01,Fasle
7248_02,True
7251_01,True
7254_01,Fasle
7262_01,Fasle
7263_01,Fasle
7264_01,Fasle
7265_01,Fasle
7266_01,Fasle
7266_02,True
7266_03,Fasle
7269_01,Fasle
7269_02,True
7272_01,True
7275_01,True
7281_01,True
7282_01,True
7286_01,Fasle
7287_01,True
7288_01,True
7291_01,True
7293_01,Fasle
7294_01,Fasle
7295_01,Fasle
7295_02,Fasle
7299_01,Fasle
7308_01,True
7312_01,True
7315_01,True
7316_01,Fasle
7317_01,Fasle
7318_01,Fasle
7319_01,True
7319_02,True
7319_03,True
7325_01,Fasle
7329_01,Fasle
7329_02,True
7329_03,True
7333_01,Fasle
7335_01,True
7345_01,Fasle
7348_01,Fasle
7348_02,True
7348_03,True
7349_01,Fasle
7352_01,Fasle
7354_01,True
7354_02,True
7354_03,True
7354_04,Fasle
7354_05,True
7354_06,True
7355_01,Fasle
7357_01,True
7362_01,Fasle
7363_01,True
7364_01,Fasle
7368_01,True
7369_01,Fasle
7373_01,True
7373_02,True
7375_01,True
7378_01,Fasle
7380_01,True
7380_02,True
7380_03,Fasle
7380_04,True
7381_01,True
7382_01,True
7383_01,True
7383_02,Fasle
7384_01,Fasle
7386_01,True
7389_01,True
7397_01,True
7400_01,Fasle
7404_01,True
7407_01,True
7409_01,True
7409_02,Fasle
7412_01,True
7413_01,True
7413_02,True
7414_01,Fasle
7415_01,Fasle
7417_01,Fasle
7417_02,Fasle
7420_01,True
7421_01,True
7421_02,True
7423_01,Fasle
7423_02,True
7424_01,Fasle
7426_01,True
7426_02,True
7426_03,True
7433_01,True
7434_01,Fasle
7439_01,Fasle
7439_02,True
7440_01,Fasle
7441_01,True
7443_01,True
7451_01,Fasle
7454_01,Fasle
7463_01,Fasle
7465_01,Fasle
7466_01,Fasle
7467_01,Fasle
7468_01,True
7469_01,Fasle
7470_01,True
7471_01,True
7471_02,Fasle
7473_01,Fasle
7473_02,Fasle
7474_01,True
7476_01,True
7480_01,Fasle
7482_01,True
7482_02,Fasle
7489_01,Fasle
7489_02,Fasle
7489_03,Fasle
7491_01,True
7493_01,True
7497_01,True
7511_01,True
7516_01,True
7519_01,Fasle
7526_01,True
7528_01,True
7528_02,True
7528_03,Fasle
7528_04,True
7530_01,True
7530_02,Fasle
7530_03,Fasle
7530_04,Fasle
7532_01,True
7537_01,True
7539_01,True
7539_02,True
7540_01,Fasle
7541_01,True
7541_02,True
7541_03,True
7546_01,True
7547_01,True
7548_01,Fasle
7551_01,True
7554_01,True
7555_01,Fasle
7556_01,True
7556_02,True
7556_03,True
7556_04,True
7557_01,Fasle
7557_02,True
7557_03,True
7558_01,Fasle
7558_02,True
7562_01,Fasle
7564_01,Fasle
7566_01,True
7570_01,True
7570_02,Fasle
7571_01,Fasle
7575_01,Fasle
7581_01,Fasle
7582_01,True
7582_02,Fasle
7582_03,Fasle
7582_04,Fasle
7582_05,True
7587_01,Fasle
7589_01,True
7590_01,True
7591_01,True
7591_02,True
7593_01,True
7597_01,True
7597_02,True
7597_03,Fasle
7597_04,True
7597_05,Fasle
7597_06,Fasle
7597_07,Fasle
7600_01,True
7600_02,Fasle
7602_01,True
7603_01,True
7607_01,Fasle
7610_01,True
7610_02,Fasle
7611_01,Fasle
7611_02,Fasle
7612_01,Fasle
7612_02,True
7613_01,True
7615_01,Fasle
7617_01,True
7619_01,True
7629_01,True
7629_02,Fasle
7629_03,True
7636_01,Fasle
7637_01,True
7637_02,Fasle
7637_03,True
7638_01,True
7642_01,True
7645_01,True
7648_01,True
7651_01,True
7653_01,Fasle
7654_01,True
7655_01,True
7657_01,Fasle
7658_01,True
7659_01,Fasle
7662_01,True
7663_01,True
7664_01,Fasle
7668_01,Fasle
7672_01,Fasle
7673_01,True
7674_01,Fasle
7675_01,True
7681_01,True
7685_01,True
7686_01,True
7695_01,Fasle
7701_01,Fasle
7704_01,True
7706_01,True
7718_01,True
7722_01,Fasle
7725_01,True
7726_01,True
7730_01,Fasle
7732_01,Fasle
7733_01,Fasle
7734_01,True
7735_01,Fasle
7737_01,True
7740_01,True
7740_02,Fasle
7745_01,Fasle
7750_01,Fasle
7756_01,True
7758_01,Fasle
7759_01,Fasle
7762_01,Fasle
7765_01,True
7765_02,True
7765_03,True
7766_01,Fasle
7772_01,True
7779_01,True
7781_01,Fasle
7792_01,True
7792_02,True
7792_03,True
7792_04,Fasle
7792_05,True
7794_01,Fasle
7795_01,Fasle
7795_02,True
7796_01,Fasle
7798_01,Fasle
7798_02,True
7799_01,Fasle
7804_01,Fasle
7807_01,True
7811_01,True
7814_01,Fasle
7817_01,Fasle
7819_01,True
7822_01,Fasle
7823_01,True
7825_01,Fasle
7825_02,True
7825_03,Fasle
7826_01,True
7827_01,True
7836_01,Fasle
7838_01,True
7844_01,Fasle
7846_01,Fasle
7846_02,True
7854_01,True
7855_01,Fasle
7857_01,True
7860_01,Fasle
7862_01,True
7867_01,Fasle
7869_01,Fasle
7874_01,Fasle
7874_02,True
7876_01,True
7880_01,True
7880_02,Fasle
7887_01,True
7893_01,True
7893_02,True
7893_03,True
7893_04,True
7893_05,True
7896_01,Fasle
7898_01,Fasle
7900_01,Fasle
7906_01,Fasle
7909_01,Fasle
7909_02,Fasle
7911_01,True
7912_01,Fasle
7915_01,True
7915_02,Fasle
7915_03,True
7917_01,True
7921_01,True
7921_02,Fasle
7923_01,True
7925_01,True
7927_01,True
7927_02,True
7927_03,Fasle
7928_01,Fasle
7931_01,Fasle
7932_01,Fasle
7933_01,True
7934_01,True
7934_02,True
7934_03,True
7938_01,Fasle
7942_01,Fasle
7942_02,Fasle
7948_01,Fasle
7951_01,True
7953_01,Fasle
7956_01,Fasle
7959_01,True
7961_01,Fasle
7963_01,True
7963_02,Fasle
7963_03,True
7964_01,True
7965_01,True
7966_01,Fasle
7969_01,True
7971_01,True
7971_02,Fasle
7975_01,True
7977_01,True
7978_01,Fasle
7978_02,Fasle
7979_01,Fasle
7980_01,Fasle
7991_01,Fasle
7991_02,True
7991_03,True
7991_04,True
7992_01,True
7997_01,True
7998_01,True
7998_02,True
7998_03,True
7998_04,True
8001_01,Fasle
8002_01,Fasle
8008_01,Fasle
8009_01,True
8011_01,True
8013_01,True
8017_01,Fasle
8022_01,Fasle
8028_01,Fasle
8033_01,Fasle
8039_01,True
8039_02,True
8040_01,True
8041_01,Fasle
8041_02,True
8044_01,True
8045_01,Fasle
8047_01,True
8048_01,True
8051_01,True
8051_02,True
8061_01,Fasle
8061_02,True
8062_01,Fasle
8065_01,Fasle
8070_01,Fasle
8073_01,True
8074_01,Fasle
8080_01,True
8090_01,True
8093_01,Fasle
8095_01,Fasle
8096_01,True
8099_01,True
8100_01,True
8101_01,True
8104_01,True
8109_01,Fasle
8110_01,Fasle
8111_01,True
8113_01,True
8113_02,True
8113_03,Fasle
8113_04,Fasle
8114_01,True
8125_01,True
8125_02,True
8126_01,Fasle
8127_01,True
8132_01,Fasle
8134_01,True
8142_01,True
8145_01,True
8146_01,True
8151_01,Fasle
8154_01,True
8155_01,True
8160_01,Fasle
8163_01,True
8166_01,Fasle
8169_01,True
8170_01,True
8172_01,True
8174_01,Fasle
8179_01,True
8180_01,Fasle
8181_01,Fasle
8181_02,Fasle
8181_03,True
8183_01,Fasle
8184_01,Fasle
8185_01,Fasle
8187_01,Fasle
8188_01,Fasle
8193_01,True
8195_01,True
8196_01,Fasle
8196_02,True
8198_01,True
8201_01,True
8206_01,Fasle
8215_01,True
8223_01,True
8228_01,Fasle
8230_01,Fasle
8234_01,Fasle
8236_01,True
8240_01,True
8241_01,True
8245_01,True
8245_02,True
8246_01,True
8249_01,Fasle
8250_01,True
8253_01,Fasle
8256_01,Fasle
8258_01,Fasle
8262_01,True
8263_01,Fasle
8269_01,True
8274_01,True
8278_01,True
8283_01,True
8284_01,True
8284_02,Fasle
8285_01,Fasle
8286_01,True
8290_01,True
8293_01,Fasle
8296_01,True
8299_01,Fasle
8304_01,Fasle
8304_02,True
8304_03,True
8305_01,True
8305_02,True
8305_03,True
8308_01,Fasle
8309_01,True
8311_01,Fasle
8312_01,True
8325_01,True
8325_02,Fasle
8327_01,Fasle
8331_01,Fasle
8337_01,Fasle
8340_01,Fasle
8340_02,True
8340_03,Fasle
8347_01,True
8349_01,Fasle
8350_01,Fasle
8351_01,Fasle
8352_01,Fasle
8353_01,Fasle
8355_01,True
8357_01,True
8357_02,True
8358_01,Fasle
8359_01,Fasle
8361_01,Fasle
8361_02,Fasle
8361_03,True
8361_04,True
8361_05,True
8364_01,True
8367_01,Fasle
8370_01,True
8370_02,Fasle
8372_01,True
8385_01,True
8385_02,Fasle
8385_03,True
8387_01,True
8389_01,True
8391_01,True
8396_01,Fasle
8399_01,Fasle
8400_01,Fasle
8400_02,True
8400_03,Fasle
8402_01,True
8402_02,True
8402_03,True
8408_01,True
8408_02,True
8412_01,True
8413_01,True
8415_01,Fasle
8417_01,True
8422_01,Fasle
8424_01,Fasle
8425_01,True
8425_02,True
8426_01,True
8426_02,Fasle
8428_01,True
8434_01,True
8435_01,Fasle
8436_01,Fasle
8439_01,True
8440_01,Fasle
8440_02,True
8440_03,True
8443_01,True
8443_02,Fasle
8445_01,True
8445_02,True
8445_03,True
8446_01,Fasle
8450_01,True
8450_02,Fasle
8450_03,True
8453_01,Fasle
8455_01,Fasle
8461_01,Fasle
8464_01,Fasle
8464_02,True
8473_01,Fasle
8473_02,Fasle
8478_01,True
8478_02,Fasle
8484_01,True
8485_01,True
8488_01,True
8490_01,Fasle
8496_01,Fasle
8497_01,Fasle
8498_01,Fasle
8499_01,True
8501_01,True
8505_01,Fasle
8507_01,True
8510_01,Fasle
8510_02,True
8513_01,Fasle
8515_01,Fasle
8517_01,Fasle
8517_02,True
8518_01,True
8519_01,True
8520_01,Fasle
8520_02,True
8525_01,True
8525_02,True
8526_01,Fasle
8526_02,True
8527_01,True
8529_01,Fasle
8531_01,True
8532_01,Fasle
8533_01,True
8534_01,Fasle
8534_02,True
8534_03,True
8534_04,Fasle
8538_01,Fasle
8543_01,Fasle
8543_02,True
8543_03,Fasle
8543_04,Fasle
8543_05,Fasle
8543_06,Fasle
8543_07,True
8543_08,Fasle
8546_01,True
8547_01,Fasle
8550_01,Fasle
8553_01,Fasle
8555_01,True
8555_02,Fasle
8555_03,True
8558_01,True
8562_01,True
8563_01,Fasle
8564_01,Fasle
8565_01,True
8565_02,True
8565_03,Fasle
8567_01,Fasle
8567_02,Fasle
8567_03,Fasle
8568_01,True
8568_02,True
8575_01,True
8576_01,True
8578_01,Fasle
8579_01,True
8582_01,True
8583_01,True
8583_02,True
8590_01,Fasle
8591_01,True
8593_01,Fasle
8600_01,True
8601_01,Fasle
8608_01,True
8621_01,True
8622_01,Fasle
8625_01,Fasle
8627_01,Fasle
8630_01,True
8632_01,True
8632_02,True
8647_01,True
8648_01,Fasle
8648_02,Fasle
8648_03,True
8649_01,Fasle
8651_01,Fasle
8652_01,Fasle
8655_01,Fasle
8660_01,True
8662_01,True
8665_01,True
8666_01,True
8676_01,True
8677_01,Fasle
8677_02,True
8677_03,True
8678_01,True
8678_02,Fasle
8679_01,True
8682_01,Fasle
8686_01,True
8689_01,True
8690_01,Fasle
8690_02,True
8692_01,True
8692_02,Fasle
8692_03,True
8697_01,True
8698_01,True
8699_01,True
8702_01,Fasle
8705_01,True
8706_01,Fasle
8707_01,Fasle
8711_01,Fasle
8713_01,Fasle
8713_02,True
8715_01,True
8718_01,Fasle
8724_01,Fasle
8725_01,True
8726_01,True
8730_01,Fasle
8731_01,Fasle
8737_01,True
8738_01,True
8739_01,Fasle
8740_01,Fasle
8742_01,Fasle
8745_01,Fasle
8746_01,True
8747_01,True
8747_02,Fasle
8748_01,Fasle
8748_02,Fasle
8756_01,Fasle
8758_01,Fasle
8758_02,True
8761_01,Fasle
8763_01,Fasle
8763_02,Fasle
8763_03,Fasle
8765_01,Fasle
8767_01,Fasle
8767_02,Fasle
8768_01,Fasle
8768_02,True
8768_03,Fasle
8775_01,True
8777_01,Fasle
8778_01,True
8778_02,True
8784_01,Fasle
8788_01,Fasle
8792_01,True
8793_01,Fasle
8793_02,True
8793_03,True
8793_04,Fasle
8793_05,True
8795_01,True
8800_01,True
8800_02,Fasle
8800_03,Fasle
8800_04,True
8800_05,Fasle
8803_01,True
8804_01,True
8804_02,True
8804_03,True
8804_04,Fasle
8804_05,Fasle
8810_01,Fasle
8814_01,True
8829_01,True
8832_01,Fasle
8837_01,Fasle
8839_01,True
8839_02,True
8846_01,Fasle
8846_02,Fasle
8847_01,True
8851_01,True
8855_01,Fasle
8857_01,True
8859_01,Fasle
8866_01,True
8870_01,True
8870_02,Fasle
8873_01,True
8873_02,Fasle
8873_03,True
8875_01,True
8875_02,Fasle
8875_03,True
8877_01,True
8877_02,True
8879_01,True
8882_01,Fasle
8887_01,True
8888_01,Fasle
8893_01,True
8893_02,True
8895_01,True
8895_02,Fasle
8898_01,Fasle
8908_01,True
8909_01,Fasle
8911_01,True
8912_01,True
8913_01,True
8913_02,True
8913_03,True
8914_01,Fasle
8915_01,Fasle
8916_01,True
8917_01,True
8921_01,True
8924_01,True
8925_01,True
8925_02,True
8925_03,True
8925_04,True
8925_05,True
8925_06,Fasle
8927_01,True
8929_01,Fasle
8931_01,Fasle
8933_01,True
8934_01,Fasle
8935_01,True
8936_01,Fasle
8943_01,Fasle
8946_01,True
8949_01,Fasle
8950_01,Fasle
8951_01,Fasle
8952_01,Fasle
8953_01,Fasle
8957_01,Fasle
8958_01,True
8960_01,Fasle
8960_02,Fasle
8960_03,True
8962_01,Fasle
8963_01,True
8965_01,Fasle
8971_01,True
8974_01,True
8979_01,True
8980_01,Fasle
8980_02,Fasle
8980_03,True
8980_04,Fasle
8980_05,Fasle
8980_06,True
8980_07,True
8984_01,Fasle
8990_01,True
8991_01,Fasle
8994_01,Fasle
8994_02,True
8995_01,Fasle
9000_01,Fasle
9002_01,Fasle
9005_01,True
9016_01,Fasle
9016_02,Fasle
9016_03,Fasle
9016_04,True
9016_05,Fasle
9017_01,True
9022_01,Fasle
9022_02,True
9022_03,True
9025_01,Fasle
9025_02,True
9027_01,Fasle
9033_01,True
9039_01,True
9040_01,Fasle
9044_01,Fasle
9045_01,Fasle
9045_02,True
9047_01,True
9050_01,True
9051_01,Fasle
9053_01,True
9053_02,True
9054_01,True
9055_01,Fasle
9056_01,Fasle
9058_01,Fasle
9062_01,Fasle
9062_02,True
9063_01,True
9065_01,True
9067_01,Fasle
9067_02,True
9070_01,Fasle
9070_02,Fasle
9082_01,Fasle
9083_01,True
9083_02,True
9086_01,True
9086_02,Fasle
9087_01,Fasle
9088_01,True
9090_01,Fasle
9091_01,True
9092_01,Fasle
9093_01,Fasle
9095_01,Fasle
9096_01,True
9096_02,True
9100_01,Fasle
9102_01,True
9105_01,True
9109_01,True
9113_01,True
9117_01,Fasle
9121_01,True
9123_01,True
9133_01,True
9135_01,Fasle
9138_01,True
9143_01,Fasle
9143_02,Fasle
9143_03,Fasle
9146_01,Fasle
9146_02,Fasle
9146_03,True
9147_01,True
9153_01,Fasle
9154_01,True
9155_01,Fasle
9155_02,Fasle
9155_03,True
9155_04,True
9162_01,True
9162_02,Fasle
9162_03,Fasle
9166_01,True
9171_01,True
9177_01,True
9177_02,True
9182_01,Fasle
9187_01,True
9187_02,Fasle
9191_01,True
9198_01,Fasle
9200_01,Fasle
9204_01,Fasle
9206_01,True
9206_02,Fasle
9206_03,True
9207_01,True
9209_01,True
9210_01,Fasle
9212_01,Fasle
9212_02,True
9214_01,Fasle
9215_01,True
9216_01,Fasle
9223_01,True
9223_02,True
9228_01,Fasle
9229_01,True
9232_01,Fasle
9236_01,True
9238_01,Fasle
9238_02,True
9238_03,True
9238_04,Fasle
9238_05,True
9238_06,True
9238_07,Fasle
9240_01,Fasle
9243_01,True
9245_01,Fasle
9249_01,Fasle
9255_01,True
9258_01,True
9260_01,True
9262_01,True
9263_01,True
9265_01,True
9266_01,True
9266_02,True
9269_01,Fasle
9271_01,True
9273_01,True
9277_01,True
